Residue,New Name,4900,4901,4902,4903,4904,4905,4906,4907,4908,4909,4910,4911,4912,4913,4914,4915,4916,4917,4918,4919,4920,4921,4922,4923,4924,4925,4926,4927,4928,4929,4930,4931,4932,4933,4934,4935,4936,4937,4938,4939,4940,4941,4942,4943,4944,4945,4946,4947,4948,4949,4950,4951,4952,4953,4954,4955,4956,4957,4958,4959,4960,4961,4962,4963,4964,4965,4966,4967,4968,4969,4970,4971,4972,4973,4974,4975,4976,4977,4978,4979,4980,4981,4982,4983,4984,4985,4986,4987,4988,4989,4990,4991,4992,4993,4994,4995,4996,4997,4998,4999,5000
R:A:ALA:174,Ala193,-3.766666666666667,-2.15,-1.14,-2.4833333333333334,-1.9400000000000002,-0.37666666666666665,-1.9166666666666667,-0.45999999999999996,-1.0333333333333334,-2.5033333333333334,-0.17666666666666675,-2.6833333333333336,-0.3,0.5333333333333333,-1.5933333333333335,1.28,0.8866666666666667,-2.026666666666667,0.2866666666666667,-1.22,0.47333333333333333,0.21333333333333337,-2.4633333333333334,-3.09,-2.0500000000000003,-0.6999999999999998,0.07000000000000002,-1.72,1.8966666666666665,-2.6033333333333335,-0.07999999999999992,-0.05666666666666673,0.4000000000000001,-0.7200000000000001,-2.313333333333333,-1.1133333333333333,0.39999999999999997,-1.3966666666666665,-3.2733333333333334,-1.0566666666666666,-0.8733333333333334,-2.8833333333333333,0.06999999999999999,-3.4466666666666668,-0.010000000000000009,-1.0566666666666666,-2.4666666666666663,-0.020000000000000018,-0.5466666666666667,-1.1500000000000001,1.9266666666666665,1.1633333333333333,-0.18666666666666668,-0.3700000000000001,-1.6199999999999999,0.19000000000000009,-1.0899999999999999,-0.93,-1.0066666666666666,1.72,-2.0566666666666666,-0.4566666666666666,1.5033333333333332,0.7333333333333334,-1.2066666666666668,-1.95,0.09000000000000001,-0.5033333333333333,-2.07,0.5033333333333333,-1.6866666666666668,0.16666666666666666,-1.62,-1.78,-3.063333333333334,-0.19666666666666668,-2.1733333333333333,-0.6033333333333334,1.14,-0.026666666666666655,-0.020000000000000018,-1.1300000000000001,-2.1866666666666665,-3.686666666666667,1.2533333333333332,-2.7733333333333334,0.3299999999999999,-0.9733333333333335,-1.553333333333333,-0.3400000000000001,-3.5499999999999994,0.3333333333333333,0.053333333333333344,-2.6566666666666667,-0.43999999999999995,-0.029999999999999954,0.9133333333333334,-0.49333333333333335,-0.85,-0.14666666666666664,-0.5733333333333334
R:A:ALA:177,Ala196,-0.8766666666666666,-1.8499999999999999,-1.5200000000000002,-3.5666666666666664,0.24,-0.4633333333333333,-1.95,-1.53,-2.3333333333333335,-3.016666666666667,0.8866666666666667,-3.6366666666666667,-1.3966666666666665,-1.5733333333333333,-0.6166666666666667,-3.0666666666666664,-0.0033333333333332624,-2.3000000000000003,-0.5900000000000001,0.7566666666666668,-3.0966666666666662,-1.2699999999999998,0.22666666666666666,-2.3766666666666665,-0.6933333333333334,-4.766666666666667,2.0366666666666666,-0.7833333333333332,0.11000000000000017,-1.68,-1.97,-1.7533333333333332,-0.06666666666666658,-1.2133333333333332,-1.8266666666666669,-1.4566666666666663,-1.0533333333333335,-1.3533333333333335,-2.4066666666666667,-3.546666666666667,-0.7000000000000001,-1.9266666666666665,-1.1066666666666667,-2.0799999999999996,-1.8266666666666664,-3.0033333333333334,-3.4233333333333333,-1.8466666666666667,-0.9366666666666666,-3.983333333333333,-1.93,-1.4233333333333331,-3.4766666666666666,-1.9333333333333333,-2.68,-1.27,-1.4266666666666667,-1.1633333333333333,-2.06,-1.96,-0.8266666666666665,-1.1466666666666667,-2.9,-2.9333333333333336,-0.6866666666666669,-1.7233333333333334,-1.6633333333333333,-1.5766666666666669,-1.14,-1.1166666666666667,-3.11,-0.6200000000000001,-1.2133333333333334,-1.0466666666666666,-1.1199999999999999,-2.41,-2.35,-0.8866666666666667,-1.36,-1.8266666666666669,-1.0866666666666667,-2.1333333333333333,0.07666666666666666,-0.9966666666666666,0.36000000000000004,-3.8366666666666664,-2.6033333333333335,-1.6966666666666665,-1.8233333333333335,-2.91,-2.4,-1.38,-2.6199999999999997,-0.23333333333333325,-2.8366666666666664,-1.0566666666666666,0.6066666666666667,-1.0666666666666667,2.896666666666667,0.15,-1.6600000000000001
R:A:ASN:387,Asn382,0.35333333333333333,0.47333333333333316,3.126666666666667,2.533333333333333,-1.6400000000000006,0.89,2.943333333333333,-0.6033333333333332,-0.2266666666666667,0.8400000000000002,-0.65,-0.8166666666666665,-3.4333333333333336,-0.5733333333333334,-3.24,-0.5899999999999999,2.4133333333333336,-3.5,0.2266666666666665,-2.0833333333333335,-1.5099999999999998,1.4966666666666664,2.6466666666666665,0.9899999999999998,0.5699999999999998,-4.086666666666667,-1.9000000000000001,-3.0666666666666664,-2.34,-1.5266666666666666,-2.5933333333333337,-4.626666666666666,1.7933333333333337,5.7,-4.49,-3.373333333333333,2.1366666666666667,-1.9533333333333334,-2.2866666666666666,-4.163333333333333,-1.43,4.833333333333333,1.11,1.9799999999999998,-0.033333333333333215,-0.10000000000000024,-0.28,1.4566666666666663,-4.326666666666667,2.9499999999999997,1.8133333333333335,3.356666666666667,-4.59,0.08666666666666645,-0.1666666666666666,-1.21,0.0433333333333333,-0.22000000000000006,0.0300000000000001,0.9099999999999998,-4.033333333333333,-0.14333333333333353,-0.89,0.6000000000000001,-0.2233333333333336,-1.333333333333333,-3.53,2.283333333333333,1.86,-4.566666666666666,-0.11000000000000003,-4.38,0.6466666666666666,-4.72,-2.763333333333333,-2.9499999999999997,1.4333333333333333,-4.823333333333333,1.8333333333333337,0.010000000000000083,-1.61,0.8099999999999999,-0.5033333333333333,-2.5233333333333334,-1.4533333333333331,-1.1333333333333333,2.9233333333333333,0.6166666666666666,0.3000000000000001,-1.4800000000000002,1.9566666666666663,-1.0899999999999999,-2.5100000000000002,3.5333333333333337,-2.256666666666667,2.953333333333333,-0.8666666666666666,-1.1800000000000002,-0.7533333333333335,-2.9333333333333336,1.6733333333333336
R:A:ASP:86,Asp105,,0.9750000000000005,7.03,2.7550000000000003,1.7600000000000002,-2.9050000000000002,6.615,1.955,7.15,5.0200000000000005,0.6800000000000002,4.355,2.355,-0.745,4.75,0.575,1.845,4.404999999999999,4.895,4.855,4.1049999999999995,4.615,-2.775,8.61,7.835,0.9550000000000001,2.66,1.435,7.32,3.025,5.62,4.6049999999999995,3.16,8.59,5.1850000000000005,4.55,10.754999999999999,1.42,3.975,-2.5549999999999997,6.694999999999999,-0.050000000000000044,-1.1549999999999998,8.165,6.45,-3.0100000000000002,4.16,4.5649999999999995,3.91,1.945,4.835,6.325,9.015,6.43,11.345,11.524999999999999,8.19,1.9100000000000001,5.49,2.205,2.89,6.975,-0.485,5.79,4.565,4.35,2.025,5.42,11.754999999999999,5.255,1.9400000000000002,-0.17999999999999994,4.03,1.5750000000000002,3.87,0.14000000000000012,-1.355,-4.7,3.105,-1.96,0.315,2.815,3.535,3.79,5.970000000000001,3.83,-0.1299999999999999,-1.9500000000000002,1.67,-1.6550000000000002,2.0549999999999997,2.79,6.075,-4.45,-1.63,3.665,2.7800000000000002,1.68,2.995,0.47,2.515
R:A:CYS:412,Cys407,1.0666666666666667,-1.4000000000000001,1.133333333333333,-0.73,-1.0366666666666668,2.4566666666666666,0.26000000000000006,-4.62,-2.3066666666666666,0.25,-0.47333333333333333,1.3333333333333333,-2.6300000000000003,2.973333333333333,0.5366666666666667,1.42,0.21333333333333337,0.5033333333333333,-0.87,-1.0266666666666666,-1.6566666666666665,0.12000000000000004,-1.6566666666666663,1.5899999999999999,-4.406666666666667,0.4266666666666667,0.4566666666666667,-0.39666666666666667,-2.6033333333333335,-2.3966666666666665,0.05333333333333331,-1.72,-2.973333333333333,1.4000000000000001,-3.236666666666667,0.9866666666666667,-4.12,1.79,0.8766666666666666,1.1066666666666667,-3.61,-3.8166666666666664,-0.5333333333333333,-3.733333333333333,4.336666666666667,0.5366666666666667,0.2966666666666667,-2.8266666666666667,-3.123333333333333,-0.6366666666666667,-1.7000000000000002,-0.9400000000000001,-0.9233333333333333,2.183333333333333,0.93,-1.24,1.2733333333333334,0.5566666666666666,-2.5633333333333335,0.4333333333333333,-0.3799999999999999,-0.0766666666666666,-1.0933333333333335,-0.2666666666666666,-2.966666666666667,-2.7733333333333334,0.03999999999999974,-0.8666666666666667,-1.0366666666666666,-0.8466666666666667,-1.1900000000000002,-0.17666666666666667,-1.2066666666666668,2.0866666666666664,-2.973333333333333,1.3566666666666667,-2.9133333333333336,1.38,1.1833333333333331,-1.7866666666666664,-0.08666666666666667,-0.10666666666666662,-0.27333333333333343,-4.783333333333334,-4.079999999999999,-3.4966666666666666,-2.6566666666666667,-1.3500000000000003,0.9166666666666666,-4.16,0.5233333333333333,0.44333333333333336,0.21999999999999997,-0.22000000000000006,-1.47,0.5933333333333333,-2.2933333333333334,-1.9366666666666668,0.8233333333333334,-0.17333333333333334,0.8733333333333334
R:A:GLN:91,Gln110,-6.136666666666667,-1.9533333333333334,-4.51,-2.56,-3.7266666666666666,-6.156666666666666,-1.0899999999999999,-4.206666666666666,-2.6633333333333336,0.12000000000000004,-1.5733333333333333,-5.076666666666667,-4.37,-2.64,-1.4433333333333334,-2.8733333333333335,-0.7199999999999999,-1.5966666666666667,-4.3,-2.4033333333333333,-1.9699999999999998,-0.45999999999999996,-2.8433333333333333,-3.8866666666666667,-1.7700000000000002,-1.3466666666666667,-2.0466666666666664,-6.47,-4.16,-2.5666666666666664,-4.836666666666667,-1.3266666666666669,-4.526666666666666,-1.2666666666666668,-3.793333333333333,-4.663333333333333,-0.5666666666666668,-6.976666666666667,-3.323333333333333,-4.346666666666667,-3.0833333333333326,-0.8633333333333334,-2.4133333333333336,-2.283333333333333,-1.2866666666666668,-1.8333333333333333,-2.3833333333333333,-2.4566666666666666,-1.9233333333333336,1.3,-2.5166666666666666,-3.15,-1.9533333333333331,-2.84,-0.6466666666666667,-3.2699999999999996,-2.75,-3.9600000000000004,-1.4133333333333333,-3.236666666666667,-0.9833333333333331,-4.316666666666667,-1.5466666666666666,0.9066666666666666,-4.156666666666667,-1.23,-2.3466666666666667,-1.8699999999999999,-1.26,-5.473333333333334,-4.3566666666666665,-4.283333333333334,0.27333333333333343,-1.9799999999999998,0.4666666666666666,-2.9133333333333336,-3.1333333333333333,-3.8499999999999996,-2.7433333333333336,-1.71,-0.06666666666666672,0.8333333333333334,-4.483333333333333,-3.73,-3.033333333333333,-1.6633333333333333,-4.013333333333333,-3.98,0.5233333333333334,-4.086666666666667,-0.6533333333333333,-3.8733333333333335,-5.176666666666667,-3.8466666666666662,-1.8833333333333335,-4.323333333333333,-4.316666666666666,-2.6666666666666665,-2.3766666666666665,2.17,-1.8933333333333335
R:A:ILE:161,Ile180,0.78,-2.94,-0.19,-1.38,-0.69,1.07,-0.57,-0.51,-0.28,-0.64,-0.64,0.17,0.84,0.03,-0.44,0.87,-0.27,-0.26,-0.58,-0.95,-1.56,-0.46,0.66,-1.0,1.05,-0.36,1.37,-0.6,-0.23,-0.56,-1.02,-0.15,0.38,-0.37,-0.53,-0.13,-0.9,-1.33,-0.77,-0.52,0.04,-0.48,0.02,-0.51,-0.58,-0.92,-0.32,-0.48,-1.14,-2.5,0.62,-0.42,-1.36,-0.78,-0.94,-0.59,-0.14,-0.87,-0.38,-0.33,-1.22,-0.2,-0.38,0.0,0.49,-1.36,0.22,-1.49,-0.78,-1.23,-0.12,-0.91,0.48,0.8,0.78,-0.44,-0.14,-1.46,-0.24,-0.75,-1.58,-0.89,-0.56,-1.3,-1.28,-0.15,-1.55,-1.34,-0.61,-1.07,-1.01,-1.61,-1.0,-0.9,-1.68,-0.43,0.68,-1.61,-1.48,-0.44,-1.29
R:A:ILE:55,Ile74,,-0.13,-0.09,-0.31,-0.11,-0.09,0.07,-1.17,-0.63,-0.38,-0.28,-0.03,0.07,0.14,-0.32,0.06,-0.69,-0.07,-0.89,-0.55,-0.36,-2.18,-0.02,-0.94,0.03,-0.56,-0.6,0.19,0.25,-1.39,-0.24,-0.07,-0.3,-0.21,-0.21,-0.27,0.05,-0.64,-0.41,-0.61,0.07,-0.06,-1.21,-0.11,-0.58,-0.81,-0.25,-0.2,-0.04,0.09,-0.11,-0.16,-0.98,-0.42,0.02,-0.8,-1.03,0.14,-0.69,0.34,-0.66,-0.58,-0.1,-2.36,-0.12,-0.02,0.01,0.34,0.02,-0.58,0.08,-0.29,0.03,-0.58,-0.07,-0.09,0.04,-0.16,-0.96,-0.96,-0.22,-1.19,-0.96,-0.01,-0.93,-1.5,-0.01,0.02,-0.05,-0.76,-0.23,0.04,0.05,-0.66,-0.03,-0.18,0.14,-0.1,-0.23,-0.12,-0.13
R:A:LEU:164,Leu183,0.11000000000000004,0.4,0.32000000000000006,-2.125,-1.5899999999999999,-0.89,1.535,-0.30500000000000005,-2.635,-2.55,1.835,-1.63,2.565,-0.525,-1.4100000000000001,-0.75,1.2650000000000001,1.56,-0.935,0.485,-1.475,-1.35,0.28500000000000003,-0.74,-0.9199999999999999,-0.050000000000000044,0.965,0.32999999999999996,0.14500000000000002,0.205,-0.275,-0.5900000000000001,-1.04,-1.1949999999999998,-0.285,0.12999999999999998,-1.825,-2.455,0.59,1.41,-0.11000000000000001,0.825,-3.4749999999999996,-1.8000000000000003,1.545,-3.135,-0.625,-0.20000000000000007,-0.4600000000000001,-2.16,-3.55,1.105,-1.995,-2.44,-1.2750000000000001,-0.78,-1.4749999999999999,-0.7150000000000001,0.0050000000000000044,0.5349999999999999,-2.255,0.735,-2.06,-2.885,-0.47500000000000003,-2.615,0.815,-0.03499999999999992,0.71,-0.9700000000000001,-1.125,-1.185,-0.74,0.145,-0.33999999999999997,1.98,-1.5999999999999999,-0.16499999999999998,-0.12999999999999998,-0.81,-2.64,-0.44,-1.1349999999999998,0.73,1.115,-0.39000000000000007,1.08,-0.53,-3.135,-2.92,0.6499999999999999,-1.065,-0.9099999999999999,-2.54,-1.21,0.12,-0.030000000000000027,-0.35,-0.93,-0.09999999999999998,-0.51
R:A:PHE:178,Phe197,0.26333333333333325,-1.6066666666666667,-1.1700000000000002,-2.0433333333333334,0.20666666666666664,-1.8099999999999998,-0.7466666666666667,0.9500000000000001,0.6166666666666667,1.8800000000000001,-0.30666666666666664,-0.59,-0.46,0.27,2.4833333333333334,0.4466666666666667,-0.37666666666666665,-1.5633333333333332,0.54,-0.28999999999999987,-0.44666666666666677,-0.8966666666666666,0.10999999999999999,-0.7000000000000001,-0.13999999999999982,0.05333333333333331,0.1200000000000001,-0.98,-2.066666666666667,0.7733333333333334,0.5499999999999999,-3.233333333333333,0.8933333333333332,0.5066666666666667,-0.8566666666666668,-1.0033333333333332,0.016666666666666666,-0.9766666666666666,1.763333333333333,1.736666666666667,0.5699999999999998,0.5266666666666667,0.14000000000000004,1.24,-0.4066666666666667,0.7299999999999999,0.7766666666666667,0.9433333333333332,1.3666666666666665,1.4100000000000001,-0.7366666666666669,-0.93,1.14,-0.040000000000000036,-0.05666666666666664,-0.3066666666666667,1.2866666666666666,-0.8933333333333334,-2.1533333333333338,-1.0333333333333332,1.2266666666666666,0.9500000000000001,-1.01,-0.5366666666666666,-1.0199999999999998,-1.2,0.7466666666666667,1.3733333333333333,-0.9300000000000002,-3.473333333333333,-1.3233333333333335,-0.5733333333333334,1.3533333333333333,-2.6166666666666667,-0.85,1.2133333333333332,0.3633333333333333,-1.7133333333333336,-2.0733333333333333,-3.0066666666666664,-0.7899999999999999,-1.1966666666666668,-0.9333333333333335,1.343333333333333,0.43666666666666654,1.3499999999999999,-1.88,-0.12666666666666662,-2.1966666666666668,-0.21666666666666648,-1.406666666666667,0.7266666666666666,-0.09666666666666668,0.23000000000000007,-1.09,-1.1866666666666668,0.73,1.41,0.75,-1.42,-0.6200000000000001
R:A:SER:165,Ser165,-0.02,-0.02,-0.01,-0.01,-0.01,-0.01,-0.01,-0.02,-0.01,-0.01,-0.02,-0.01,-0.01,-0.02,-0.02,-0.01,-0.01,-0.01,-0.02,-0.01,-0.02,-0.02,-0.01,-0.19,-0.02,-0.01,-0.19,-0.01,-0.17,-0.02,-0.02,-0.01,-0.01,-0.01,-0.01,-0.01,-0.02,-0.02,-0.01,-0.01,-0.01,-0.02,-0.01,-0.01,-0.01,-0.01,-0.02,-0.01,-0.01,-0.19,-0.01,-0.01,-0.01,-0.01,-0.01,-0.01,-0.02,-0.01,-0.02,-0.01,-0.02,-0.02,-0.01,-0.02,-0.02,-0.02,-0.01,-0.02,-0.02,-0.02,-0.01,-0.01,-0.01,-0.01,-0.01,-0.01,-0.02,-0.02,-0.01,-0.02,-0.01,-0.01,-0.02,-0.01,-0.01,-0.01,-0.01,-0.01,-0.02,-0.01,-0.01,-0.01,-0.01,-0.01,-0.01,-0.02,-0.01,-0.01,-0.01,-0.01,-0.02
R:A:SER:90,Ser109,-4.676666666666667,-0.0433333333333332,-1.3199999999999996,-2.183333333333333,1.3266666666666669,0.35000000000000026,-1.8499999999999999,0.11666666666666654,0.5633333333333334,1.1333333333333335,-0.5333333333333333,-3.046666666666667,-0.2066666666666667,-2.706666666666667,0.07666666666666681,-1.5266666666666666,1.0766666666666667,-4.52,-1.5466666666666666,-5.25,-0.8233333333333331,3.9233333333333333,-0.1200000000000001,-0.7133333333333335,-2.6233333333333335,1.6466666666666667,2.6966666666666668,-2.06,0.2833333333333332,0.38000000000000017,-0.38666666666666655,1.4566666666666668,-1.41,-0.030000000000000027,-6.536666666666666,-2.6166666666666667,-0.5366666666666667,-1.2166666666666666,-1.55,-1.6566666666666665,0.21000000000000027,-6.07,-3.686666666666667,-1.0433333333333332,1.71,-6.6066666666666665,-1.93,-0.9300000000000003,-0.09333333333333312,-5.113333333333333,-1.1833333333333333,1.1833333333333333,-2.163333333333333,-0.06999999999999997,-2.5933333333333333,2.1133333333333333,4.666666666666667,-4.076666666666667,-0.83,-1.9799999999999998,-0.07666666666666622,-0.4833333333333332,4.906666666666666,-2.8633333333333333,-2.61,1.7233333333333334,-2.63,-1.8166666666666667,-4.273333333333333,0.18000000000000002,-5.45,-4.53,-2.6466666666666665,-5.373333333333332,-0.05999999999999991,0.6433333333333332,-3.1300000000000003,-1.7766666666666666,-0.05666666666666679,-1.1433333333333333,-1.5766666666666664,-2.4266666666666663,-0.20333333333333334,-1.2533333333333332,-2.2866666666666666,-1.7133333333333332,-4.6000000000000005,1.3,-1.29,0.85,-3.4333333333333336,-0.16666666666666682,0.41666666666666646,-2.0666666666666664,-5.1433333333333335,-0.19999999999999987,-2.2399999999999998,-1.3733333333333333,1.0533333333333337,-0.19666666666666663,-0.4200000000000001
R:A:THR:170,Thr189,-1.7966666666666669,-1.946666666666667,-1.3033333333333332,-0.05666666666666672,-1.0966666666666667,0.33,-0.0866666666666666,-0.35666666666666674,-0.91,1.2933333333333334,-1.4466666666666665,-0.8966666666666668,-0.7366666666666667,-0.6733333333333333,-0.7766666666666667,-0.7833333333333332,-0.28,-0.7033333333333333,-0.7533333333333333,-3.216666666666667,-2.4133333333333336,-0.85,-0.33666666666666667,-1.61,-2.3800000000000003,-0.27,0.2266666666666666,0.58,0.06333333333333331,-0.8133333333333331,-0.6066666666666667,0.2866666666666667,0.6566666666666667,0.35999999999999993,-0.833333333333333,-0.4333333333333333,-0.8266666666666667,-0.05666666666666679,-0.34,-0.7866666666666666,-0.16999999999999996,-1.9133333333333333,-1.0999999999999999,-1.4766666666666666,0.21333333333333326,0.49000000000000005,-0.20333333333333337,-0.7666666666666666,-0.003333333333333429,-0.5966666666666667,0.12666666666666662,0.31666666666666665,-1.1300000000000001,-0.3,-0.6999999999999998,-0.5166666666666666,-1.6233333333333333,-1.0766666666666669,0.08666666666666671,-1.42,0.6966666666666667,-1.1833333333333331,-0.24666666666666673,-0.6233333333333333,-1.2666666666666668,-0.5466666666666666,-0.8233333333333333,0.6533333333333334,-1.1766666666666665,-0.5099999999999999,-0.48,0.6600000000000001,-1.29,-1.8533333333333333,-2.53,-0.8566666666666666,-0.8066666666666666,0.48,0.08,-2.313333333333333,-2.183333333333333,0.7633333333333333,0.08333333333333326,0.63,-0.6966666666666668,0.04666666666666671,-0.6933333333333334,-0.9533333333333333,-0.13000000000000003,-0.8066666666666666,0.21666666666666656,-1.4733333333333334,-0.8466666666666667,-0.48,-0.06333333333333317,1.4366666666666668,-0.32666666666666666,-1.9633333333333332,-1.2866666666666666,-0.5133333333333333,-0.05666666666666664
R:A:THR:173,Thr192,-2.06,-0.7400000000000002,-3.365,-2.21,-1.125,-0.8049999999999999,-3.04,-2.325,-2.39,-2.085,-1.2000000000000002,-3.74,-1.335,0.23499999999999988,-1.2599999999999998,1.1500000000000001,-0.6399999999999999,-2.755,-2.355,-2.41,-0.8900000000000001,-0.9749999999999999,2.02,0.53,0.685,-2.56,-0.8150000000000001,-3.395,0.0,-0.8200000000000001,0.65,-3.4749999999999996,3.8499999999999996,0.2549999999999999,2.8649999999999998,-0.48,-2.255,-3.2199999999999998,-2.005,-0.015000000000000124,-2.59,0.115,0.895,0.765,2.1350000000000002,-0.9099999999999999,-0.9199999999999999,-1.0950000000000002,0.77,-2.905,-0.09499999999999997,-3.6449999999999996,0.855,-1.595,-0.735,-1.16,0.9849999999999999,0.77,1.445,2.85,2.205,-1.1700000000000002,1.13,-3.175,-3.47,1.6149999999999998,1.15,0.615,1.63,1.505,-0.015000000000000013,-2.74,-0.42,-0.13,0.645,-1.9900000000000002,1.205,0.395,-0.555,1.915,0.43999999999999995,2.2699999999999996,-1.94,0.13,-2.9050000000000002,-0.9049999999999999,-0.27,-0.1399999999999999,1.165,-1.535,-3.38,-2.165,-2.455,-1.955,0.015000000000000013,-2.325,0.725,-1.25,-2.025,0.465,-0.7050000000000001
R:A:TRP:138,Trp157,0.7266666666666667,-2.586666666666667,-0.2333333333333333,-0.31,2.033333333333333,-0.87,0.42666666666666675,0.8766666666666666,0.22000000000000006,0.24666666666666667,0.7766666666666665,0.04999999999999997,0.9166666666666669,-0.030000000000000027,-2.6700000000000004,0.67,1.2033333333333331,-2.033333333333333,-0.5733333333333334,-1.8633333333333333,1.3566666666666667,0.4466666666666667,-1.0933333333333335,-0.18333333333333332,-0.5333333333333333,-1.0966666666666667,-0.08666666666666667,-0.02333333333333328,-2.763333333333333,1.4566666666666668,0.2966666666666666,-2.013333333333333,-1.0166666666666666,-1.903333333333333,0.8999999999999999,-1.6866666666666665,-1.8099999999999998,0.06666666666666658,1.5,0.9700000000000001,0.8366666666666666,-0.54,-0.48,0.36999999999999994,-1.3066666666666666,-0.1333333333333333,1.4833333333333334,-1.19,0.06333333333333332,-1.0133333333333334,0.35999999999999993,-0.6033333333333334,0.9566666666666666,0.18333333333333343,-1.47,0.8533333333333334,-0.35333333333333333,-1.3033333333333332,0.29,-3.1266666666666665,-0.08666666666666667,0.6000000000000001,-0.19333333333333333,-0.023333333333333355,1.03,1.3633333333333333,-0.7966666666666667,0.23999999999999996,0.17333333333333334,-0.9866666666666667,0.24000000000000002,-0.82,0.15666666666666673,0.53,0.57,0.5699999999999998,-1.1266666666666667,-1.39,-1.133333333333333,-1.4633333333333336,0.5800000000000001,0.57,-2.026666666666667,1.2766666666666666,0.10666666666666669,-0.48999999999999994,-0.21666666666666679,-1.1833333333333336,-0.93,-1.25,1.5066666666666666,0.7566666666666667,-0.26000000000000006,-0.45,0.65,-0.15,-0.6633333333333333,1.42,-1.33,-1.04,-0.37000000000000005
R:A:TRP:383,Trp378,-1.5366666666666668,0.3000000000000001,-0.5966666666666668,-2.233333333333333,-2.8766666666666665,-3.4800000000000004,0.18999999999999995,-0.9500000000000001,-1.586666666666667,-4.196666666666666,-0.7200000000000001,1.2766666666666666,-2.26,-4.443333333333333,-0.11333333333333344,-2.776666666666667,-1.343333333333333,-2.4366666666666665,-2.9933333333333336,0.27666666666666667,-1.9400000000000002,-0.36999999999999994,0.19333333333333336,0.44,3.52,1.7566666666666666,-1.3566666666666671,3.23,-1.6966666666666665,2.0799999999999996,-2.523333333333333,1.53,2.7966666666666664,1.5966666666666667,-4.676666666666667,0.5000000000000001,-1.2833333333333334,-2.9666666666666663,-2.066666666666667,-0.5800000000000002,2.6533333333333338,-2.48,-3.4166666666666665,-2.6733333333333333,1.64,-0.6000000000000001,-1.9466666666666665,-3.7900000000000005,-5.293333333333333,0.6299999999999999,0.6333333333333333,-0.3433333333333333,-5.866666666666667,-2.5666666666666664,0.46000000000000013,0.33000000000000007,-2.3433333333333333,-4.946666666666666,-0.06666666666666678,-0.44333333333333336,-3.1166666666666667,0.4000000000000001,-3.3200000000000003,-1.6633333333333333,-0.9099999999999998,-2.563333333333333,4.06,-0.3599999999999997,1.03,-0.04666666666666671,-2.236666666666667,-3.1633333333333336,-2.7399999999999998,-1.8166666666666667,-1.9633333333333332,-1.3099999999999998,-0.12333333333333336,0.12333333333333334,1.2699999999999998,-1.2266666666666668,-2.6333333333333333,-2.03,-3.5766666666666667,0.13666666666666658,2.7600000000000002,3.08,-3.2566666666666664,-1.2966666666666666,1.9900000000000002,-1.79,1.9433333333333334,1.1766666666666667,-2.5666666666666664,-0.4333333333333333,1.9966666666666668,-4.659999999999999,-0.7066666666666667,2.8200000000000003,0.5533333333333333,1.5466666666666666,-2.0766666666666667
R:A:TRP:410,Trp405,-1.27,-1.21,3.75,0.01,4.39,6.55,3.41,-1.0,-0.07,-1.45,4.37,-0.18,1.14,-5.34,2.83,-2.91,-1.79,4.77,1.21,-0.4,-1.95,-0.68,-0.99,4.58,-2.77,5.47,4.0,-3.15,4.85,2.5,3.96,-0.6,7.4,5.08,-2.06,-1.22,0.45,-1.62,1.86,-0.15,-2.04,-0.39,1.08,0.27,1.98,0.05,0.47,-1.14,1.25,0.08,2.08,2.36,0.77,-0.29,1.59,0.3,-0.26,1.83,-0.04,-0.05,0.03,0.56,-0.49,-0.74,-0.99,0.91,1.99,-0.14,0.39,-0.35,1.17,-0.09,0.45,4.57,0.56,1.09,-0.87,-0.43,0.17,0.57,-0.05,-0.16,-0.69,0.25,-0.97,0.28,-1.36,-0.35,-1.86,-0.08,0.0,-0.13,0.1,1.37,-0.73,2.34,-1.8,2.33,-0.44,-0.19,-0.12
R:A:TYR:386,Tyr381,1.4500000000000002,-0.5066666666666665,-0.2366666666666668,2.6233333333333335,3.6,3.383333333333333,4.16,6.416666666666667,4.03,3.5833333333333335,2.3699999999999997,-0.45999999999999996,-0.2733333333333334,-3.146666666666667,2.4033333333333333,0.81,2.936666666666667,-0.26999999999999996,3.0500000000000003,4.986666666666667,-1.8399999999999999,-5.4433333333333325,2.29,3.94,-0.3466666666666667,0.3333333333333332,0.4433333333333335,3.143333333333333,2.56,2.3366666666666664,-1.9400000000000002,2.9633333333333334,1.6033333333333335,-0.5566666666666668,1.26,0.8466666666666667,1.633333333333333,-0.7400000000000001,1.02,0.12333333333333307,-5.763333333333333,-1.4833333333333332,2.5866666666666664,2.776666666666667,-0.3899999999999997,2.216666666666667,5.863333333333333,-1.7033333333333334,1.2799999999999996,3.3366666666666664,5.8566666666666665,0.4133333333333331,0.9666666666666665,-0.48999999999999994,7.853333333333334,0.49,-0.3033333333333333,0.66,4.023333333333333,2.533333333333333,2.9800000000000004,-0.45666666666666655,-1.63,1.3233333333333333,5.153333333333333,3.8033333333333332,-3.7066666666666666,0.943333333333333,-0.6466666666666668,3.22,-0.21999999999999983,2.1266666666666665,-0.9299999999999998,-0.9366666666666665,3.9933333333333336,2.62,3.5,3.07,-1.4833333333333336,3.5566666666666666,-0.84,1.9799999999999998,-0.8233333333333333,-0.7233333333333333,-2.4633333333333334,0.9099999999999998,1.1333333333333333,0.8633333333333333,-0.7500000000000003,1.4966666666666668,2.046666666666667,-0.9266666666666669,-1.4733333333333334,4.693333333333334,1.3533333333333335,2.5933333333333333,0.8966666666666665,1.6033333333333335,2.0033333333333334,4.596666666666667,2.42
R:A:TYR:409,Tyr404,4.326666666666667,7.406666666666666,1.6400000000000003,2.14,-1.49,4.593333333333333,4.703333333333333,1.3633333333333333,1.32,1.7733333333333334,-1.3233333333333335,-0.6366666666666667,0.2266666666666667,-1.0833333333333333,0.16333333333333325,0.5733333333333336,-0.04000000000000018,1.9066666666666665,0.3633333333333333,2.216666666666667,-2.48,-2.2466666666666666,-5.163333333333333,-1.6500000000000001,-0.8266666666666665,1.34,-3.0666666666666664,-2.626666666666667,1.7233333333333334,0.31333333333333346,2.0066666666666664,0.3366666666666667,2.313333333333333,4.6433333333333335,4.05,0.8033333333333333,-1.64,5.19,-1.79,4.486666666666667,4.536666666666666,2.1366666666666667,5.38,-1.9033333333333333,-1.5566666666666666,-4.2700000000000005,0.06999999999999999,0.38666666666666644,-2.546666666666667,-2.986666666666667,-2.963333333333333,-1.29,-2.5433333333333334,-2.84,3.0066666666666664,-2.5366666666666666,3.8466666666666662,1.3933333333333333,0.31999999999999984,1.2766666666666666,3.73,-3.0,-0.7466666666666667,2.1333333333333333,-0.43000000000000016,-0.9633333333333334,-0.8566666666666666,-0.7033333333333333,2.4200000000000004,-0.6866666666666665,-0.4499999999999999,-0.5633333333333334,-1.1133333333333333,-1.1666666666666667,1.5066666666666666,3.0233333333333334,-2.3066666666666666,-7.010000000000001,2.713333333333333,-1.78,0.8466666666666668,2.0366666666666666,-4.13,0.45333333333333337,-3.5766666666666667,0.93,2.606666666666667,-0.6833333333333336,-1.4033333333333333,-1.6833333333333333,2.0,-3.223333333333333,-3.0666666666666664,-0.5,-3.3733333333333335,-1.0866666666666667,2.636666666666667,3.0100000000000002,-1.4666666666666668,1.4466666666666665,-1.4266666666666665
R:A:TYR:413,Tyr408,1.01,-0.11000000000000003,-0.7033333333333333,-0.05999999999999998,2.7066666666666666,-0.71,1.32,2.19,2.14,0.6099999999999999,1.7,0.6133333333333334,0.8033333333333333,0.8833333333333333,-2.026666666666667,-0.1200000000000001,1.5366666666666664,2.3733333333333335,1.1233333333333333,0.3866666666666667,2.6966666666666668,0.35000000000000003,0.44999999999999996,0.49999999999999994,2.3466666666666667,0.5233333333333333,-0.25666666666666665,0.3133333333333333,-0.5733333333333334,0.6999999999999998,-0.9899999999999999,0.9700000000000001,0.71,2.953333333333333,2.4166666666666665,-0.9866666666666667,-0.7666666666666666,2.4266666666666667,2.0533333333333332,0.5333333333333333,0.5200000000000001,-0.65,2.13,-1.3533333333333333,0.8633333333333334,-0.013333333333333345,1.1766666666666667,0.75,-1.6366666666666667,0.9,1.5199999999999998,1.3733333333333333,0.5966666666666667,0.07666666666666666,0.25333333333333335,2.6966666666666668,-1.12,1.8766666666666667,1.7766666666666664,2.0366666666666666,-0.52,-1.1333333333333333,-1.0766666666666669,-0.9766666666666669,-1.13,0.6933333333333334,0.68,1.0566666666666666,0.6366666666666667,-1.3299999999999998,-1.5066666666666666,0.013333333333333272,-0.36666666666666653,-0.15000000000000005,2.08,1.3633333333333333,0.7166666666666668,1.47,-0.16333333333333333,2.0433333333333334,1.1533333333333333,-0.5066666666666667,0.4666666666666666,-0.9899999999999999,0.5133333333333333,1.4033333333333333,1.5599999999999998,-2.143333333333333,-1.5533333333333335,-0.13333333333333316,-1.9799999999999998,0.1966666666666669,-0.7100000000000001,-2.7133333333333334,-1.0,2.2266666666666666,1.7066666666666663,-1.3966666666666665,0.3366666666666666,0.88,-0.3266666666666667
R:A:TYR:87,Tyr106,-1.4466666666666665,0.15000000000000005,-1.8399999999999999,-4.653333333333333,-1.2966666666666666,-4.796666666666667,-3.456666666666667,-3.6300000000000003,-2.6466666666666665,1.6633333333333333,1.9466666666666665,-2.0399999999999996,-0.23666666666666666,1.1066666666666667,-2.6,0.7066666666666667,-1.843333333333333,-1.5233333333333334,-4.726666666666667,-3.876666666666667,4.109999999999999,1.92,-2.53,-3.14,-2.2466666666666666,-4.44,0.5866666666666667,-3.533333333333333,-1.9633333333333332,-3.89,-1.383333333333333,1.9266666666666665,-4.203333333333333,-6.756666666666668,-1.7533333333333332,-6.446666666666668,2.72,-0.4766666666666666,-3.4666666666666663,-3.763333333333333,-0.9900000000000001,0.5599999999999999,0.1333333333333333,-5.760000000000001,-0.7866666666666666,-3.4599999999999995,-6.166666666666667,-1.6500000000000004,-1.5599999999999998,-1.3666666666666665,1.2233333333333334,-4.076666666666667,0.17999999999999985,-2.106666666666667,-1.1733333333333331,-4.84,-9.336666666666668,-5.153333333333333,-5.239999999999999,-3.42,-1.7033333333333331,-0.9966666666666666,1.7766666666666666,4.223333333333334,-3.4066666666666667,-0.2699999999999999,0.15333333333333332,-1.3266666666666667,-3.0366666666666666,-0.8333333333333334,1.55,-0.5466666666666665,-2.5,-2.0,-2.5566666666666666,-2.6700000000000004,-4.256666666666667,-3.2533333333333334,-4.3966666666666665,-4.34,0.18666666666666668,-0.5433333333333333,-4.14,-2.97,-0.3433333333333331,4.896666666666667,0.3599999999999997,-3.106666666666667,-2.91,-3.436666666666667,-1.1766666666666665,-1.83,-1.54,-0.61,-2.823333333333333,-2.83,2.243333333333333,0.6433333333333332,1.3433333333333337,-0.7533333333333334,-0.2966666666666666
R:A:VAL:390,Val385,-2.205,-0.2,-0.10499999999999993,0.7000000000000001,-1.5050000000000001,0.33999999999999997,-1.83,-2.76,-2.0300000000000002,-0.06999999999999995,-1.4100000000000001,0.7650000000000001,-1.6749999999999998,-1.855,-0.09000000000000008,-0.315,-2.92,-1.105,-2.455,-1.8900000000000001,-0.9800000000000001,-1.145,-1.535,-0.63,1.9449999999999998,0.655,2.5,-0.9299999999999999,-1.845,-2.795,0.18500000000000005,-1.8199999999999998,-3.37,-1.55,-1.565,0.10500000000000001,-3.405,-0.695,-2.07,0.39999999999999997,-2.165,-1.01,-3.6,-0.51,-3.1399999999999997,-0.43999999999999995,-3.115,-2.92,-0.9650000000000001,-1.735,0.12,-2.055,-0.5549999999999999,-0.575,-0.42499999999999993,-1.7850000000000001,0.6849999999999999,-1.38,-2.365,-1.55,-0.2100000000000002,-2.04,-3.245,-1.63,0.46499999999999997,-1.305,-3.765,-0.7849999999999999,-2.24,-0.555,-3.7699999999999996,-1.4649999999999999,-2.11,-1.355,-0.34500000000000003,-1.65,-1.15,-1.715,-2.8049999999999997,-0.935,-1.25,-2.205,-0.67,0.655,-0.445,-1.61,-2.7350000000000003,-2.125,-1.725,-2.065,-3.7199999999999998,-1.6300000000000001,-2.44,-0.32000000000000006,-1.685,-1.915,-2.695,-4.265000000000001,-2.3850000000000002,-1.58,-1.885
R:A:VAL:94,Val113,0.45,-0.79,0.3833333333333333,0.2933333333333333,-1.0233333333333332,-0.5633333333333334,0.53,2.65,1.9266666666666667,0.75,-0.05666666666666664,0.8466666666666667,0.9866666666666667,0.7866666666666667,2.0,1.2166666666666668,0.9799999999999999,2.4966666666666666,2.4499999999999997,1.6266666666666667,0.6066666666666667,1.3133333333333332,1.2866666666666668,0.47,1.5233333333333334,2.6999999999999997,0.3333333333333333,2.893333333333333,1.2933333333333332,0.24000000000000013,0.9666666666666667,1.8866666666666667,2.4933333333333336,0.7833333333333333,0.7566666666666667,2.2866666666666666,1.11,-0.14333333333333334,1.34,0.8799999999999999,1.0866666666666667,-0.4633333333333334,-1.32,1.5599999999999998,2.0900000000000003,0.5633333333333334,1.4866666666666666,1.8633333333333333,0.8166666666666668,1.1433333333333333,0.63,2.203333333333333,1.3566666666666667,3.056666666666667,2.6166666666666667,2.686666666666667,2.18,0.81,1.9033333333333333,2.17,1.0566666666666666,2.393333333333333,2.1133333333333333,1.7833333333333332,2.6133333333333333,2.3266666666666667,2.48,0.9900000000000001,2.606666666666667,3.266666666666667,2.4766666666666666,4.263333333333333,2.1533333333333333,1.1466666666666667,0.9266666666666666,1.0333333333333334,0.8933333333333332,0.7233333333333333,0.9966666666666666,-0.2066666666666667,2.3266666666666667,0.8633333333333333,2.8633333333333333,1.3266666666666669,1.3633333333333333,1.1333333333333333,0.9899999999999999,0.36333333333333345,1.9733333333333334,1.3766666666666667,1.8533333333333335,0.9266666666666666,1.01,0.9933333333333333,1.9633333333333336,-0.9433333333333334,1.2633333333333334,1.4000000000000001,2.4,0.036666666666666625,2.0100000000000002
