Residue,Internal_mean,Internal_sem,VDW_mean,VDW_sem,EEL_mean,EEL_sem,PBSOL_mean,PBSOL_sem,NPSOL_mean,NPSOL_sem,TOTAL_mean,TOTAL_sem
R:A:TRP:383,0.0,0.0,-1.8976237623762375,0.038708391526276496,-0.9859405940594059,0.3362523857096071,0.5855445544554455,0.08495747046069403,0.0,0.0,-2.298811881188119,0.2581963443203071
R:A:ALA:177,0.0,0.0,-1.0576237623762375,0.023841119531014237,-2.915742574257426,0.5305627751239441,0.9648514851485149,0.13291519025015677,0.0,0.0,-3.0073267326732673,0.4019502922592657
R:A:TYR:386,0.0,0.0,-0.6593069306930693,0.04896801490440542,-0.23138613861386137,0.45137242925893056,0.10673267326732673,0.11113760170656442,0.0,0.0,-0.7830693069306931,0.339159495251559
R:A:TYR:87,0.0,0.0,-3.0247,0.04717225151645099,0.5803,0.5877328200617844,0.4174,0.14991072225316188,0.0,0.0,-2.0272,0.4344086211172725
R:A:GLN:91,0.0,0.0,-1.6951485148514853,0.03424247083865823,-0.25,0.4740864064620281,0.14435643564356437,0.1181041171674915,0.0,0.0,-1.801980198019802,0.361996362866745
R:A:ASN:387,0.0,0.0,-1.573861386138614,0.048564333222307514,-1.3556435643564355,0.688198817344874,0.7455445544554455,0.17913933264347892,0.0,0.0,-2.1845544554455443,0.5213103734251248
R:A:VAL:390,0.0,0.0,-0.5475247524752475,0.026901877420073026,-0.5600990099009902,0.3040510149694466,0.14643564356435643,0.07666689994835713,0.0,0.0,-0.9617821782178217,0.23185926919934763
R:A:TRP:138,,,,,,,,,,,,
R:A:THR:170,0.0,0.0,-0.7589108910891089,0.03180506871307693,-0.8573267326732673,0.7057214396053136,0.27841584158415844,0.18317138718325784,0.0,0.0,-1.3384158415841585,0.541670531784249
R:A:CYS:412,0.0,0.0,-0.18643564356435646,0.011904391533816953,0.08148514851485147,0.10029544338174527,0.08534653465346534,0.02462614096725916,0.0,0.0,-0.01930693069306931,0.07395372615623194
R:A:SER:90,0.0,0.0,-1.3627722772277227,0.030601921512141552,-3.294059405940594,0.4895074343475705,1.0134653465346535,0.12022120170534198,0.0,0.0,-3.6441584158415843,0.37840073229909293
R:A:ILE:55,,,,,,,,,,,,
R:A:TYR:413,,,,,,,,,,,,
R:A:LEU:164,0.0,0.0,-0.571089108910891,0.026452610715491334,0.6831683168316832,0.31931501348277747,-0.13554455445544555,0.07964469057994229,0.0,0.0,-0.02455445544554456,0.23793836146465458
R:A:THR:173,0.0,0.0,-0.9910891089108911,0.024719375889338233,0.10891089108910891,0.6181843408139086,0.2585148514851485,0.15258209192111,0.0,0.0,-0.6241584158415842,0.45895542757605495
R:A:PHE:178,0.0,0.0,-1.5214851485148513,0.0429347619642062,-0.9353465346534653,0.45515393031839885,0.3107920792079208,0.11398199294715063,0.0,0.0,-2.1466336633663365,0.34075769612711015
R:A:VAL:94,0.0,0.0,-0.4015841584158416,0.01107198111483549,-0.7208910891089109,0.23031330787076612,0.16415841584158414,0.05835335641151891,0.0,0.0,-0.9596039603960396,0.17171268431970538
R:A:ALA:174,0.0,0.0,-1.0331683168316832,0.021015284721886747,2.0101980198019804,0.3768096659592968,-0.5172277227722772,0.09454090411419981,0.0,0.0,0.46029702970297026,0.2828908215893823
R:A:TYR:409,0.0,0.0,-0.10495049504950495,0.0076100815914964025,0.18821782178217825,0.09434016773521758,0.055643564356435644,0.025972725923794713,0.0,0.0,0.13861386138613863,0.07089959847153689
R:A:SER:93,,,,,,,,,,,,
