Residue,New Name,Internal_mean_mean,Internal_mean_sem,VDW_mean_mean,VDW_mean_sem,EEL_mean_mean,EEL_mean_sem,PBSOL_mean_mean,PBSOL_mean_sem,NPSOL_mean_mean,NPSOL_mean_sem,TOTAL_mean_mean,TOTAL_mean_sem
R:A:SER:93,Ser112,0.0,,-0.056732673267326734,,1.052871287128713,,-0.3254455445544554,,0.0,,0.6705940594059406,
R:A:TYR:409,Tyr404,0.0,0.0,-0.09702970297029703,0.007920792079207924,0.25133663366336634,0.0631188118811881,-0.030396039603960392,0.08603960396039603,0.0,0.0,0.12301980198019802,0.015594059405940596
R:A:ALA:174,Ala193,0.0,0.0,-0.788943894389439,0.15942523234976927,1.1993399339933994,1.2014774182567216,-0.2935313531353136,0.3022434838473684,0.0,0.0,0.11683168316831678,0.7673049650910138
R:A:VAL:94,Val113,0.0,0.0,-0.28924092409240926,0.09890055568180411,0.5473927392739274,0.9179062630601417,-0.15306930693069307,0.22558074217756613,0.0,0.0,0.1050825082508251,0.6792704469803944
R:A:PHE:178,Phe197,0.0,0.0,-1.1983498349834982,0.20201742306725465,1.5620132013201322,1.567665766171835,-0.2894059405940594,0.39622750905360393,0.0,0.0,0.07415841584158407,1.3748453187035534
R:A:THR:173,Thr192,0.0,0.0,-0.9194059405940594,0.0675189693912564,0.9406600660066006,0.9656535287998844,-0.018976897689768974,0.24526126352921437,0.0,0.0,0.0021782178217822543,0.6874138231600211
R:A:LEU:164,Leu183,0.0,0.0,-0.44320132013201324,0.1061169429709933,0.5381188118811882,0.29445931292002,-0.11382838283828382,0.06488086234911317,0.0,0.0,-0.019504950495049512,0.1365581055732628
R:A:TYR:413,Tyr408,0.0,,-0.02633663366336634,,0.0,,0.0013861386138613863,,0.0,,-0.024356435643564357,
R:A:ILE:55,Ile74,0.0,,-0.0124,,0.0,,-0.0208,,0.0,,-0.0348,
R:A:SER:90,Ser109,0.0,0.0,-1.1658085808580856,0.12014789725620603,0.8812871287128714,2.1834619149549535,0.10366336633663369,0.504633800254124,0.0,0.0,-0.18115511551155106,1.799586255110827
R:A:CYS:412,Cys407,0.0,0.0,-0.3872607260726073,0.256735710961534,-0.08188118811881188,0.19809011952819353,0.07386138613861387,0.03286015159908316,0.0,0.0,-0.3954785478547855,0.2077889361362479
R:A:THR:170,Thr189,0.0,0.0,-0.6756105610561057,0.09434977472140142,-0.13290429042904292,0.378840968578756,0.10069306930693071,0.12224162707788201,0.0,0.0,-0.7078217821782178,0.3346024967533542
R:A:TRP:138,Trp157,0.0,0.0,-1.7844059405940593,0.4463861386138614,0.3985643564356436,1.684009900990099,0.08326732673267326,0.40712871287128705,0.0,0.0,-1.3027227722772277,0.8308415841584157
R:A:VAL:390,Val385,0.0,0.0,-0.8343234323432344,0.16284553783770697,-1.006072607260726,1.4009568438056328,0.2925082508250825,0.38231876095912426,0.0,0.0,-1.5483498349834983,0.9757675220446688
R:A:ASN:387,Asn382,0.0,0.0,-1.4653465346534655,0.15864850900713992,-0.7836633663366337,0.9453902885924548,0.587029702970297,0.4378731686299494,0.0,0.0,-1.661914191419142,0.4144745143802245
R:A:GLN:91,Gln110,0.0,0.0,-1.1960891089108912,0.4990594059405941,-0.7277722772277228,0.4777722772277227,0.2517821782178218,0.1074257425742574,0.0,0.0,-1.673168316831683,0.12881188118811893
R:A:TYR:87,Tyr106,0.0,0.0,-3.114109570957096,0.19664767112846784,1.2133597359735973,1.490191695756972,0.1534854785478548,0.45663525331199323,0.0,0.0,-1.7475300330033006,1.218582936209158
R:A:TYR:386,Tyr381,0.0,0.0,-1.101881188118812,0.40754670597437903,-1.253828382838284,0.6424597840879135,0.5005280528052806,0.21871958190504845,0.0,0.0,-1.8543894389438946,0.8315868369744192
R:A:ALA:177,Ala196,0.0,0.0,-0.9446864686468647,0.06140541412832095,-3.1355775577557754,0.21137730663282725,0.9838943894389439,0.06481195311705608,0.0,0.0,-3.095511551155115,0.14726347755468422
R:A:TRP:383,Trp378,0.0,0.0,-2.4305610561056104,0.5596816556245996,-1.6435313531353135,0.8871065833176147,0.7695709570957097,0.2562606111197492,0.0,0.0,-3.304356435643564,0.5112087941975456
