system,replica,angle_bin_center,prob
M1-CN045,replica1,-177.5,0.001799640071985603
M1-CN045,replica1,-172.5,0.0011997600479904018
M1-CN045,replica1,-167.5,0.0
M1-CN045,replica1,-162.5,0.0
M1-CN045,replica1,-157.5,0.0
M1-CN045,replica1,-152.5,0.0
M1-CN045,replica1,-147.5,0.0
M1-CN045,replica1,-142.5,0.0
M1-CN045,replica1,-137.5,0.0
M1-CN045,replica1,-132.5,0.0
M1-CN045,replica1,-127.5,0.0
M1-CN045,replica1,-122.5,0.0
M1-CN045,replica1,-117.5,0.0
M1-CN045,replica1,-112.5,0.0
M1-CN045,replica1,-107.5,0.0
M1-CN045,replica1,-102.5,0.0
M1-CN045,replica1,-97.5,0.0
M1-CN045,replica1,-92.5,0.0
M1-CN045,replica1,-87.5,0.0
M1-CN045,replica1,-82.5,0.0
M1-CN045,replica1,-77.5,0.0
M1-CN045,replica1,-72.5,0.0
M1-CN045,replica1,-67.5,0.0
M1-CN045,replica1,-62.5,0.0
M1-CN045,replica1,-57.5,0.0
M1-CN045,replica1,-52.5,0.0
M1-CN045,replica1,-47.5,0.0
M1-CN045,replica1,-42.5,0.0
M1-CN045,replica1,-37.5,0.0
M1-CN045,replica1,-32.5,0.0
M1-CN045,replica1,-27.5,0.0
M1-CN045,replica1,-22.5,0.0
M1-CN045,replica1,-17.5,0.0
M1-CN045,replica1,-12.5,0.0
M1-CN045,replica1,-7.5,0.0001999600079984003
M1-CN045,replica1,-2.5,0.0001999600079984003
M1-CN045,replica1,2.5,0.0
M1-CN045,replica1,7.5,0.0001999600079984003
M1-CN045,replica1,12.5,0.0
M1-CN045,replica1,17.5,0.0
M1-CN045,replica1,22.5,0.0
M1-CN045,replica1,27.5,0.0
M1-CN045,replica1,32.5,0.0005998800239952009
M1-CN045,replica1,37.5,0.002599480103979204
M1-CN045,replica1,42.5,0.013197360527894421
M1-CN045,replica1,47.5,0.041191761647670466
M1-CN045,replica1,52.5,0.09538092381523695
M1-CN045,replica1,57.5,0.1915616876624675
M1-CN045,replica1,62.5,0.21655668866226754
M1-CN045,replica1,67.5,0.20215956808638272
M1-CN045,replica1,72.5,0.1289742051589682
M1-CN045,replica1,77.5,0.0591881623675265
M1-CN045,replica1,82.5,0.025994801039792043
M1-CN045,replica1,87.5,0.007198560287942412
M1-CN045,replica1,92.5,0.002999400119976005
M1-CN045,replica1,97.5,0.0011997600479904018
M1-CN045,replica1,102.5,0.0005998800239952009
M1-CN045,replica1,107.5,0.0001999600079984003
M1-CN045,replica1,112.5,0.0
M1-CN045,replica1,117.5,0.0
M1-CN045,replica1,122.5,0.0
M1-CN045,replica1,127.5,0.0
M1-CN045,replica1,132.5,0.0
M1-CN045,replica1,137.5,0.0
M1-CN045,replica1,142.5,0.0001999600079984003
M1-CN045,replica1,147.5,0.0
M1-CN045,replica1,152.5,0.0001999600079984003
M1-CN045,replica1,157.5,0.0003999200159968006
M1-CN045,replica1,162.5,0.0007998400319936012
M1-CN045,replica1,167.5,0.0013997200559888023
M1-CN045,replica1,172.5,0.0011997600479904018
M1-CN045,replica1,177.5,0.002599480103979204
M1-CN045,replica2,-177.5,0.08858228354329134
M1-CN045,replica2,-172.5,0.17616476704659068
M1-CN045,replica2,-167.5,0.2401519696060788
M1-CN045,replica2,-162.5,0.21315736852629474
M1-CN045,replica2,-157.5,0.1227754449110178
M1-CN045,replica2,-152.5,0.03759248150369926
M1-CN045,replica2,-147.5,0.010997800439912017
M1-CN045,replica2,-142.5,0.0011997600479904018
M1-CN045,replica2,-137.5,0.0003999200159968006
M1-CN045,replica2,-132.5,0.0
M1-CN045,replica2,-127.5,0.0
M1-CN045,replica2,-122.5,0.0
M1-CN045,replica2,-117.5,0.0
M1-CN045,replica2,-112.5,0.0
M1-CN045,replica2,-107.5,0.0
M1-CN045,replica2,-102.5,0.0
M1-CN045,replica2,-97.5,0.0
M1-CN045,replica2,-92.5,0.0
M1-CN045,replica2,-87.5,0.0
M1-CN045,replica2,-82.5,0.0001999600079984003
M1-CN045,replica2,-77.5,0.0005998800239952009
M1-CN045,replica2,-72.5,0.0003999200159968006
M1-CN045,replica2,-67.5,0.001799640071985603
M1-CN045,replica2,-62.5,0.004599080183963208
M1-CN045,replica2,-57.5,0.005198960207958408
M1-CN045,replica2,-52.5,0.009998000399920015
M1-CN045,replica2,-47.5,0.008198360327934412
M1-CN045,replica2,-42.5,0.008198360327934412
M1-CN045,replica2,-37.5,0.004599080183963208
M1-CN045,replica2,-32.5,0.001799640071985603
M1-CN045,replica2,-27.5,0.0003999200159968006
M1-CN045,replica2,-22.5,0.0007998400319936012
M1-CN045,replica2,-17.5,0.0
M1-CN045,replica2,-12.5,0.0
M1-CN045,replica2,-7.5,0.0
M1-CN045,replica2,-2.5,0.0
M1-CN045,replica2,2.5,0.0
M1-CN045,replica2,7.5,0.0
M1-CN045,replica2,12.5,0.0
M1-CN045,replica2,17.5,0.0
M1-CN045,replica2,22.5,0.0
M1-CN045,replica2,27.5,0.0
M1-CN045,replica2,32.5,0.0
M1-CN045,replica2,37.5,0.0
M1-CN045,replica2,42.5,0.0
M1-CN045,replica2,47.5,0.0
M1-CN045,replica2,52.5,0.0
M1-CN045,replica2,57.5,0.0
M1-CN045,replica2,62.5,0.0
M1-CN045,replica2,67.5,0.0
M1-CN045,replica2,72.5,0.0
M1-CN045,replica2,77.5,0.0
M1-CN045,replica2,82.5,0.0
M1-CN045,replica2,87.5,0.0
M1-CN045,replica2,92.5,0.0
M1-CN045,replica2,97.5,0.0
M1-CN045,replica2,102.5,0.0
M1-CN045,replica2,107.5,0.0
M1-CN045,replica2,112.5,0.0
M1-CN045,replica2,117.5,0.0
M1-CN045,replica2,122.5,0.0
M1-CN045,replica2,127.5,0.0
M1-CN045,replica2,132.5,0.0
M1-CN045,replica2,137.5,0.0
M1-CN045,replica2,142.5,0.0
M1-CN045,replica2,147.5,0.0
M1-CN045,replica2,152.5,0.0007998400319936012
M1-CN045,replica2,157.5,0.003599280143971206
M1-CN045,replica2,162.5,0.00639872025594881
M1-CN045,replica2,167.5,0.006998600279944011
M1-CN045,replica2,172.5,0.013597280543891222
M1-CN045,replica2,177.5,0.03079384123175365
M1-CN045,replica3,-177.5,0.15556888622275544
M1-CN045,replica3,-172.5,0.1773645270945811
M1-CN045,replica3,-167.5,0.14357128574285144
M1-CN045,replica3,-162.5,0.10377924415116976
M1-CN045,replica3,-157.5,0.05078984203159368
M1-CN045,replica3,-152.5,0.03459308138372325
M1-CN045,replica3,-147.5,0.01899620075984803
M1-CN045,replica3,-142.5,0.013997200559888023
M1-CN045,replica3,-137.5,0.007398520295940812
M1-CN045,replica3,-132.5,0.003599280143971206
M1-CN045,replica3,-127.5,0.0023995200959808036
M1-CN045,replica3,-122.5,0.001799640071985603
M1-CN045,replica3,-117.5,0.0007998400319936012
M1-CN045,replica3,-112.5,0.0011997600479904018
M1-CN045,replica3,-107.5,0.0007998400319936012
M1-CN045,replica3,-102.5,0.0023995200959808036
M1-CN045,replica3,-97.5,0.004199160167966407
M1-CN045,replica3,-92.5,0.0027994401119776045
M1-CN045,replica3,-87.5,0.003599280143971206
M1-CN045,replica3,-82.5,0.002599480103979204
M1-CN045,replica3,-77.5,0.001799640071985603
M1-CN045,replica3,-72.5,0.0003999200159968006
M1-CN045,replica3,-67.5,0.0003999200159968006
M1-CN045,replica3,-62.5,0.0001999600079984003
M1-CN045,replica3,-57.5,0.0003999200159968006
M1-CN045,replica3,-52.5,0.0001999600079984003
M1-CN045,replica3,-47.5,0.0003999200159968006
M1-CN045,replica3,-42.5,0.0003999200159968006
M1-CN045,replica3,-37.5,0.0003999200159968006
M1-CN045,replica3,-32.5,0.0
M1-CN045,replica3,-27.5,0.0
M1-CN045,replica3,-22.5,0.0001999600079984003
M1-CN045,replica3,-17.5,0.0
M1-CN045,replica3,-12.5,0.0
M1-CN045,replica3,-7.5,0.0
M1-CN045,replica3,-2.5,0.0
M1-CN045,replica3,2.5,0.0
M1-CN045,replica3,7.5,0.0003999200159968006
M1-CN045,replica3,12.5,0.0
M1-CN045,replica3,17.5,0.0
M1-CN045,replica3,22.5,0.0003999200159968006
M1-CN045,replica3,27.5,0.0007998400319936012
M1-CN045,replica3,32.5,0.0015996800639872025
M1-CN045,replica3,37.5,0.002599480103979204
M1-CN045,replica3,42.5,0.003199360127974405
M1-CN045,replica3,47.5,0.003799240151969606
M1-CN045,replica3,52.5,0.004399120175964807
M1-CN045,replica3,57.5,0.006798640271945611
M1-CN045,replica3,62.5,0.004999000199960008
M1-CN045,replica3,67.5,0.008198360327934412
M1-CN045,replica3,72.5,0.0061987602479504095
M1-CN045,replica3,77.5,0.005598880223955209
M1-CN045,replica3,82.5,0.002999400119976005
M1-CN045,replica3,87.5,0.0005998800239952009
M1-CN045,replica3,92.5,0.0005998800239952009
M1-CN045,replica3,97.5,0.0001999600079984003
M1-CN045,replica3,102.5,0.0
M1-CN045,replica3,107.5,0.0
M1-CN045,replica3,112.5,0.0
M1-CN045,replica3,117.5,0.0
M1-CN045,replica3,122.5,0.0
M1-CN045,replica3,127.5,0.0
M1-CN045,replica3,132.5,0.0
M1-CN045,replica3,137.5,0.0
M1-CN045,replica3,142.5,0.0005998800239952009
M1-CN045,replica3,147.5,0.0015996800639872025
M1-CN045,replica3,152.5,0.0015996800639872025
M1-CN045,replica3,157.5,0.00639872025594881
M1-CN045,replica3,162.5,0.014597080583883223
M1-CN045,replica3,167.5,0.026994601079784044
M1-CN045,replica3,172.5,0.05818836232753449
M1-CN045,replica3,177.5,0.09958008398320337
M1-Clemastine,replica1,-177.5,0.0
M1-Clemastine,replica1,-172.5,0.0
M1-Clemastine,replica1,-167.5,0.0
M1-Clemastine,replica1,-162.5,0.0
M1-Clemastine,replica1,-157.5,0.0
M1-Clemastine,replica1,-152.5,0.0
M1-Clemastine,replica1,-147.5,0.0
M1-Clemastine,replica1,-142.5,0.0
M1-Clemastine,replica1,-137.5,0.0
M1-Clemastine,replica1,-132.5,0.0
M1-Clemastine,replica1,-127.5,0.0
M1-Clemastine,replica1,-122.5,0.0
M1-Clemastine,replica1,-117.5,0.0
M1-Clemastine,replica1,-112.5,0.0
M1-Clemastine,replica1,-107.5,0.0
M1-Clemastine,replica1,-102.5,0.0
M1-Clemastine,replica1,-97.5,0.0003999200159968006
M1-Clemastine,replica1,-92.5,0.0001999600079984003
M1-Clemastine,replica1,-87.5,0.0009998000399920016
M1-Clemastine,replica1,-82.5,0.003799240151969606
M1-Clemastine,replica1,-77.5,0.008198360327934412
M1-Clemastine,replica1,-72.5,0.027394521095780843
M1-Clemastine,replica1,-67.5,0.06638672265546891
M1-Clemastine,replica1,-62.5,0.13017396520695862
M1-Clemastine,replica1,-57.5,0.1871625674865027
M1-Clemastine,replica1,-52.5,0.1923615276944611
M1-Clemastine,replica1,-47.5,0.15036992601479704
M1-Clemastine,replica1,-42.5,0.10897820435912818
M1-Clemastine,replica1,-37.5,0.0609878024395121
M1-Clemastine,replica1,-32.5,0.02959408118376325
M1-Clemastine,replica1,-27.5,0.01259748050389922
M1-Clemastine,replica1,-22.5,0.0061987602479504095
M1-Clemastine,replica1,-17.5,0.0021995600879824036
M1-Clemastine,replica1,-12.5,0.0009998000399920016
M1-Clemastine,replica1,-7.5,0.0001999600079984003
M1-Clemastine,replica1,-2.5,0.0001999600079984003
M1-Clemastine,replica1,2.5,0.0001999600079984003
M1-Clemastine,replica1,7.5,0.0003999200159968006
M1-Clemastine,replica1,12.5,0.0005998800239952009
M1-Clemastine,replica1,17.5,0.0005998800239952009
M1-Clemastine,replica1,22.5,0.0011997600479904018
M1-Clemastine,replica1,27.5,0.0011997600479904018
M1-Clemastine,replica1,32.5,0.0011997600479904018
M1-Clemastine,replica1,37.5,0.0021995600879824036
M1-Clemastine,replica1,42.5,0.0003999200159968006
M1-Clemastine,replica1,47.5,0.0007998400319936012
M1-Clemastine,replica1,52.5,0.0001999600079984003
M1-Clemastine,replica1,57.5,0.0009998000399920016
M1-Clemastine,replica1,62.5,0.0
M1-Clemastine,replica1,67.5,0.0003999200159968006
M1-Clemastine,replica1,72.5,0.0001999600079984003
M1-Clemastine,replica1,77.5,0.0
M1-Clemastine,replica1,82.5,0.0
M1-Clemastine,replica1,87.5,0.0
M1-Clemastine,replica1,92.5,0.0
M1-Clemastine,replica1,97.5,0.0
M1-Clemastine,replica1,102.5,0.0
M1-Clemastine,replica1,107.5,0.0
M1-Clemastine,replica1,112.5,0.0
M1-Clemastine,replica1,117.5,0.0
M1-Clemastine,replica1,122.5,0.0
M1-Clemastine,replica1,127.5,0.0
M1-Clemastine,replica1,132.5,0.0
M1-Clemastine,replica1,137.5,0.0
M1-Clemastine,replica1,142.5,0.0
M1-Clemastine,replica1,147.5,0.0
M1-Clemastine,replica1,152.5,0.0
M1-Clemastine,replica1,157.5,0.0
M1-Clemastine,replica1,162.5,0.0
M1-Clemastine,replica1,167.5,0.0
M1-Clemastine,replica1,172.5,0.0
M1-Clemastine,replica1,177.5,0.0
M1-Clemastine,replica2,-177.5,0.10377924415116976
M1-Clemastine,replica2,-172.5,0.11297740451909619
M1-Clemastine,replica2,-167.5,0.08378324335132974
M1-Clemastine,replica2,-162.5,0.05458908218356329
M1-Clemastine,replica2,-157.5,0.03159368126374725
M1-Clemastine,replica2,-152.5,0.016396720655868825
M1-Clemastine,replica2,-147.5,0.009998000399920015
M1-Clemastine,replica2,-142.5,0.0023995200959808036
M1-Clemastine,replica2,-137.5,0.001999600079984003
M1-Clemastine,replica2,-132.5,0.0003999200159968006
M1-Clemastine,replica2,-127.5,0.0005998800239952009
M1-Clemastine,replica2,-122.5,0.0
M1-Clemastine,replica2,-117.5,0.0001999600079984003
M1-Clemastine,replica2,-112.5,0.0
M1-Clemastine,replica2,-107.5,0.0
M1-Clemastine,replica2,-102.5,0.0
M1-Clemastine,replica2,-97.5,0.0
M1-Clemastine,replica2,-92.5,0.0
M1-Clemastine,replica2,-87.5,0.0
M1-Clemastine,replica2,-82.5,0.0
M1-Clemastine,replica2,-77.5,0.0001999600079984003
M1-Clemastine,replica2,-72.5,0.0013997200559888023
M1-Clemastine,replica2,-67.5,0.007198560287942412
M1-Clemastine,replica2,-62.5,0.02299540091981604
M1-Clemastine,replica2,-57.5,0.04999000199960008
M1-Clemastine,replica2,-52.5,0.07918416316736653
M1-Clemastine,replica2,-47.5,0.09338132373525294
M1-Clemastine,replica2,-42.5,0.08218356328734253
M1-Clemastine,replica2,-37.5,0.05378924215156969
M1-Clemastine,replica2,-32.5,0.027394521095780843
M1-Clemastine,replica2,-27.5,0.008998200359928014
M1-Clemastine,replica2,-22.5,0.004399120175964807
M1-Clemastine,replica2,-17.5,0.0011997600479904018
M1-Clemastine,replica2,-12.5,0.0
M1-Clemastine,replica2,-7.5,0.0
M1-Clemastine,replica2,-2.5,0.0
M1-Clemastine,replica2,2.5,0.0
M1-Clemastine,replica2,7.5,0.0
M1-Clemastine,replica2,12.5,0.0
M1-Clemastine,replica2,17.5,0.0
M1-Clemastine,replica2,22.5,0.0
M1-Clemastine,replica2,27.5,0.0
M1-Clemastine,replica2,32.5,0.0
M1-Clemastine,replica2,37.5,0.0
M1-Clemastine,replica2,42.5,0.0
M1-Clemastine,replica2,47.5,0.0
M1-Clemastine,replica2,52.5,0.0
M1-Clemastine,replica2,57.5,0.0
M1-Clemastine,replica2,62.5,0.0
M1-Clemastine,replica2,67.5,0.0
M1-Clemastine,replica2,72.5,0.0001999600079984003
M1-Clemastine,replica2,77.5,0.0001999600079984003
M1-Clemastine,replica2,82.5,0.0003999200159968006
M1-Clemastine,replica2,87.5,0.0001999600079984003
M1-Clemastine,replica2,92.5,0.0
M1-Clemastine,replica2,97.5,0.0
M1-Clemastine,replica2,102.5,0.0
M1-Clemastine,replica2,107.5,0.0
M1-Clemastine,replica2,112.5,0.0
M1-Clemastine,replica2,117.5,0.0001999600079984003
M1-Clemastine,replica2,122.5,0.0
M1-Clemastine,replica2,127.5,0.0001999600079984003
M1-Clemastine,replica2,132.5,0.0
M1-Clemastine,replica2,137.5,0.0001999600079984003
M1-Clemastine,replica2,142.5,0.0005998800239952009
M1-Clemastine,replica2,147.5,0.0007998400319936012
M1-Clemastine,replica2,152.5,0.0013997200559888023
M1-Clemastine,replica2,157.5,0.0021995600879824036
M1-Clemastine,replica2,162.5,0.008998200359928014
M1-Clemastine,replica2,167.5,0.01739652069586083
M1-Clemastine,replica2,172.5,0.04399120175964807
M1-Clemastine,replica2,177.5,0.07198560287942411
M1-Clemastine,replica3,-177.5,0.1299740051989602
M1-Clemastine,replica3,-172.5,0.13897220555888823
M1-Clemastine,replica3,-167.5,0.11617676464707058
M1-Clemastine,replica3,-162.5,0.07418516296740651
M1-Clemastine,replica3,-157.5,0.041791641671665665
M1-Clemastine,replica3,-152.5,0.01899620075984803
M1-Clemastine,replica3,-147.5,0.006998600279944011
M1-Clemastine,replica3,-142.5,0.0027994401119776045
M1-Clemastine,replica3,-137.5,0.001799640071985603
M1-Clemastine,replica3,-132.5,0.0003999200159968006
M1-Clemastine,replica3,-127.5,0.0003999200159968006
M1-Clemastine,replica3,-122.5,0.0001999600079984003
M1-Clemastine,replica3,-117.5,0.0
M1-Clemastine,replica3,-112.5,0.0
M1-Clemastine,replica3,-107.5,0.0
M1-Clemastine,replica3,-102.5,0.0
M1-Clemastine,replica3,-97.5,0.0
M1-Clemastine,replica3,-92.5,0.0
M1-Clemastine,replica3,-87.5,0.0001999600079984003
M1-Clemastine,replica3,-82.5,0.0
M1-Clemastine,replica3,-77.5,0.0
M1-Clemastine,replica3,-72.5,0.0
M1-Clemastine,replica3,-67.5,0.0001999600079984003
M1-Clemastine,replica3,-62.5,0.0
M1-Clemastine,replica3,-57.5,0.0
M1-Clemastine,replica3,-52.5,0.0001999600079984003
M1-Clemastine,replica3,-47.5,0.0
M1-Clemastine,replica3,-42.5,0.0
M1-Clemastine,replica3,-37.5,0.0003999200159968006
M1-Clemastine,replica3,-32.5,0.0
M1-Clemastine,replica3,-27.5,0.0
M1-Clemastine,replica3,-22.5,0.0
M1-Clemastine,replica3,-17.5,0.0001999600079984003
M1-Clemastine,replica3,-12.5,0.0
M1-Clemastine,replica3,-7.5,0.0
M1-Clemastine,replica3,-2.5,0.0
M1-Clemastine,replica3,2.5,0.0
M1-Clemastine,replica3,7.5,0.0
M1-Clemastine,replica3,12.5,0.0
M1-Clemastine,replica3,17.5,0.0
M1-Clemastine,replica3,22.5,0.0
M1-Clemastine,replica3,27.5,0.0
M1-Clemastine,replica3,32.5,0.0
M1-Clemastine,replica3,37.5,0.0007998400319936012
M1-Clemastine,replica3,42.5,0.0027994401119776045
M1-Clemastine,replica3,47.5,0.01219756048790242
M1-Clemastine,replica3,52.5,0.028394321135772844
M1-Clemastine,replica3,57.5,0.05638872225554889
M1-Clemastine,replica3,62.5,0.0611877624475105
M1-Clemastine,replica3,67.5,0.05658868226354729
M1-Clemastine,replica3,72.5,0.03139372125574885
M1-Clemastine,replica3,77.5,0.014197160567886422
M1-Clemastine,replica3,82.5,0.004399120175964807
M1-Clemastine,replica3,87.5,0.0001999600079984003
M1-Clemastine,replica3,92.5,0.0001999600079984003
M1-Clemastine,replica3,97.5,0.0
M1-Clemastine,replica3,102.5,0.0
M1-Clemastine,replica3,107.5,0.0
M1-Clemastine,replica3,112.5,0.0
M1-Clemastine,replica3,117.5,0.0
M1-Clemastine,replica3,122.5,0.0
M1-Clemastine,replica3,127.5,0.0
M1-Clemastine,replica3,132.5,0.0
M1-Clemastine,replica3,137.5,0.0
M1-Clemastine,replica3,142.5,0.0
M1-Clemastine,replica3,147.5,0.0001999600079984003
M1-Clemastine,replica3,152.5,0.0001999600079984003
M1-Clemastine,replica3,157.5,0.003199360127974405
M1-Clemastine,replica3,162.5,0.008398320335932814
M1-Clemastine,replica3,167.5,0.023595280943811237
M1-Clemastine,replica3,172.5,0.0651869626074785
M1-Clemastine,replica3,177.5,0.09658068386322735
