system,metric,replica,replica_time_mean,replica_time_std,n_frames
M1-CN045,Arg³·⁵⁰(123)_Glu⁶·³⁰(360)_mean_dist,replica1,7.875800839832033,0.9876923222984364,5001
M1-CN045,Arg³·⁵⁰(123)_Glu⁶·³⁰(360)_mean_dist,replica2,7.199854029194161,0.4045511570719596,5001
M1-CN045,Arg³·⁵⁰(123)_Glu⁶·³⁰(360)_mean_dist,replica3,7.562063587282543,0.2974933625408286,5001
M1-CN045,Drug - Asp105 minimum distance,replica1,4.571947867426514,0.7410206273703349,5001
M1-CN045,Drug - Asp105 minimum distance,replica2,4.335436702059588,0.4886552424683274,5001
M1-CN045,Drug - Asp105 minimum distance,replica3,4.897266406118777,0.6278306521474076,5001
M1-CN045,Drug - Tyr106 minimum distance,replica1,2.6219746094781042,0.377394453009561,5001
M1-CN045,Drug - Tyr106 minimum distance,replica2,2.3868130029994,0.19159623895469433,5001
M1-CN045,Drug - Tyr106 minimum distance,replica3,2.551851136372725,0.3046990128035188,5001
M1-CN045,Drug - Tyr381 minimum distance,replica1,2.290262966406719,0.3540701623104428,5001
M1-CN045,Drug - Tyr381 minimum distance,replica2,4.04645252509498,0.9799988323498561,5001
M1-CN045,Drug - Tyr381 minimum distance,replica3,2.6470577074585084,0.7235512898055754,5001
M1-CN045,Drug - Tyr404 minimum distance,replica1,3.404007810837832,1.2944503255914568,5001
M1-CN045,Drug - Tyr404 minimum distance,replica2,6.701036913017397,1.2587958130262102,5001
M1-CN045,Drug - Tyr404 minimum distance,replica3,4.105397205758848,1.691892282982299,5001
M1-CN045,Drug - Tyr418 minimum distance,replica1,16.33673476704659,0.9570271503292813,5001
M1-CN045,Drug - Tyr418 minimum distance,replica2,18.600302735452907,0.9210587557741021,5001
M1-CN045,Drug - Tyr418 minimum distance,replica3,17.255499670065987,1.0684520140835247,5001
M1-Clemastine,Arg³·⁵⁰(123)_Glu⁶·³⁰(360)_mean_dist,replica1,9.324577084583083,1.877692164894664,5001
M1-Clemastine,Arg³·⁵⁰(123)_Glu⁶·³⁰(360)_mean_dist,replica2,7.068782243551291,0.5958382807210741,5001
M1-Clemastine,Arg³·⁵⁰(123)_Glu⁶·³⁰(360)_mean_dist,replica3,7.459322135572886,0.5195003757533978,5001
M1-Clemastine,Drug - Asp105 minimum distance,replica1,3.2322286188762246,0.7978101100122423,5001
M1-Clemastine,Drug - Asp105 minimum distance,replica2,2.598466484503099,0.3472027500347436,5001
M1-Clemastine,Drug - Asp105 minimum distance,replica3,3.0325911647670467,0.7761577468921899,5001
M1-Clemastine,Drug - Tyr106 minimum distance,replica1,2.3776406860627874,0.19880056448058214,5001
M1-Clemastine,Drug - Tyr106 minimum distance,replica2,2.3952091727654468,0.17926061332671694,5001
M1-Clemastine,Drug - Tyr106 minimum distance,replica3,2.381746552889422,0.2047549107880831,5001
M1-Clemastine,Drug - Tyr381 minimum distance,replica1,2.3800809670065988,0.2214784481102709,5001
M1-Clemastine,Drug - Tyr381 minimum distance,replica2,2.708226624875025,0.6433978764113706,5001
M1-Clemastine,Drug - Tyr381 minimum distance,replica3,2.4427446726654667,0.25355354238920697,5001
M1-Clemastine,Drug - Tyr404 minimum distance,replica1,2.609705725054989,0.26123868363422587,5001
M1-Clemastine,Drug - Tyr404 minimum distance,replica2,3.9447049360127977,1.1315298948622503,5001
M1-Clemastine,Drug - Tyr404 minimum distance,replica3,2.5202190253949213,0.28796888933895237,5001
M1-Clemastine,Drug - Tyr418 minimum distance,replica1,14.020233370725855,2.1233066396792277,5001
M1-Clemastine,Drug - Tyr418 minimum distance,replica2,14.870020285942811,1.3908139700329452,5001
M1-Clemastine,Drug - Tyr418 minimum distance,replica3,16.4855199560088,2.0760491755859216,5001
